Tom 1;http://ebuw.uw.edu.pl/Content/286245/directory.djvu?djvuopts&page=3;;
Tom 1;http://ebuw.uw.edu.pl/Content/286245/directory.djvu?djvuopts&page=5;; ※ Przedmowa;
Tom 1;http://ebuw.uw.edu.pl/Content/286245/directory.djvu?djvuopts&page=13;; ※ Objaśnienie skróceń;
Tom 1;http://ebuw.uw.edu.pl/Content/286245/directory.djvu?djvuopts&page=15;; ※ Dzieła i czasopisma cytowane;
Tom 1;http://ebuw.uw.edu.pl/Content/286245/directory.djvu?djvuopts&page=19;; ※ Hasła: A - Der;
A;http://ebuw.uw.edu.pl/Content/286245/directory.djvu?djvuopts&page=19;Tom 1 s. 19;
A;http://ebuw.uw.edu.pl/Content/286246/directory.djvu?djvuopts&page=943;s. 943; ※ Poprawki;
A;http://ebuw.uw.edu.pl/Content/286260/directory.djvu?djvuopts&page=5;Tom 15 cz. 1 s. 5; ※ Uzupełnienia
B;http://ebuw.uw.edu.pl/Content/286245/directory.djvu?djvuopts&page=65;Tom 1 s. 65;
B;http://ebuw.uw.edu.pl/Content/286246/directory.djvu?djvuopts&page=943;Tom 2 s. 943; ※ Poprawki
B;http://ebuw.uw.edu.pl/Content/286260/directory.djvu?djvuopts&page=57;Tom 15 cz. 1 s. 57; ※ Uzupełnienia
Bańska;http://ebuw.uw.edu.pl/Content/286245/directory.djvu?djvuopts&page=100;Tom 1 s. 100;
Białystok;http://ebuw.uw.edu.pl/Content/286245/directory.djvu?djvuopts&page=199;Tom 1 s. 199;
�;http://ebuw.uw.edu.pl/Content/286245/directory.djvu?djvuopts&page=200;Tom 1 s. 200;
Bolesławowo;http://ebuw.uw.edu.pl/Content/286245/directory.djvu?djvuopts&page=299;Tom 1 s. 299;
cd;http://ebuw.uw.edu.pl/Content/286245/directory.djvu?djvuopts&page=300;Tom 1 s. 300;
Brześć Litewski;http://ebuw.uw.edu.pl/Content/286245/directory.djvu?djvuopts&page=399;Tom 1 s. 399;
�;http://ebuw.uw.edu.pl/Content/286245/directory.djvu?djvuopts&page=400;Tom 1 s. 400;
Bydgoszcz;http://ebuw.uw.edu.pl/Content/286245/directory.djvu?djvuopts&page=490;Tom 1 s. 490;
Bydgoszcz;http://ebuw.uw.edu.pl/Content/286245/directory.djvu?djvuopts&page=491;Tom 1 s. 491;
�;http://ebuw.uw.edu.pl/Content/286245/directory.djvu?djvuopts&page=500;Tom 1 s. 500;
C;http://ebuw.uw.edu.pl/Content/286245/directory.djvu?djvuopts&page=525;Tom 1 s. 525;
C;http://ebuw.uw.edu.pl/Content/286246/directory.djvu?djvuopts&page=943;Tom 2 s. 943; ※ Poprawki
C;http://ebuw.uw.edu.pl/Content/286260/directory.djvu?djvuopts&page=291;Tom 15 cz. 1 s. 291; ※ Uzupełnienia
Chocimierz;http://ebuw.uw.edu.pl/Content/286245/directory.djvu?djvuopts&page=600;s. 600;
Cieszyn;http://ebuw.uw.edu.pl/Content/286245/directory.djvu?djvuopts&page=696;Tom 1 s. 696;
�;http://ebuw.uw.edu.pl/Content/286245/directory.djvu?djvuopts&page=700;Tom 1 s. 700;
Czeremoszne;http://ebuw.uw.edu.pl/Content/286245/directory.djvu?djvuopts&page=800;Tom 1 s. 800;
Czeremosznia;http://ebuw.uw.edu.pl/Content/286245/directory.djvu?djvuopts&page=800;Tom 1 s. 800;
Czeremoszno;http://ebuw.uw.edu.pl/Content/286245/directory.djvu?djvuopts&page=800;Tom 1 s. 800;
D;http://ebuw.uw.edu.pl/Content/286245/directory.djvu?djvuopts&page=891;Tom 1 s. 891;
D;http://ebuw.uw.edu.pl/Content/286246/directory.djvu?djvuopts&page=944;Tom 2 s. 944; ※ Poprawki
D;http://ebuw.uw.edu.pl/Content/286260/directory.djvu?djvuopts&page=384;Tom 15 cz. 1 s. 384; ※ Uzupełnienia
Daniewszczyzna;http://ebuw.uw.edu.pl/Content/286245/directory.djvu?djvuopts&page=900;Tom 1 s. 900;
Danilcze;http://ebuw.uw.edu.pl/Content/286245/directory.djvu?djvuopts&page=900;Tom 1 s. 900;
Danilec;http://ebuw.uw.edu.pl/Content/286245/directory.djvu?djvuopts&page=900;Tom 1 s. 900;
Daniliszki;http://ebuw.uw.edu.pl/Content/286245/directory.djvu?djvuopts&page=900;Tom 1 s. 900;
Danilla;http://ebuw.uw.edu.pl/Content/286245/directory.djvu?djvuopts&page=900;Tom 1 s. 900;
Daniłańce;http://ebuw.uw.edu.pl/Content/286245/directory.djvu?djvuopts&page=900;Tom 1 s. 900;
Daniłki;http://ebuw.uw.edu.pl/Content/286245/directory.djvu?djvuopts&page=900;Tom 1 s. 900;
Daniłow;http://ebuw.uw.edu.pl/Content/286245/directory.djvu?djvuopts&page=900;Tom 1 s. 900;
Daniłowa Bałka;http://ebuw.uw.edu.pl/Content/286245/directory.djvu?djvuopts&page=900;Tom 1 s. 900;
Daniłowce;http://ebuw.uw.edu.pl/Content/286245/directory.djvu?djvuopts&page=900;Tom 1 s. 900;
Daniłowicze;http://ebuw.uw.edu.pl/Content/286245/directory.djvu?djvuopts&page=900;Tom 1 s. 900;
Daniłówka;http://ebuw.uw.edu.pl/Content/286245/directory.djvu?djvuopts&page=900;Tom 1 s. 900;
Tom 2;http://ebuw.uw.edu.pl/Content/286246/directory.djvu?djvuopts&page=3;;
Tom 2;http://ebuw.uw.edu.pl/Content/286246/directory.djvu?djvuopts&page=5;; ※ Hasła: Dere - Gża;
Dolina;http://ebuw.uw.edu.pl/Content/286246/directory.djvu?djvuopts&page=95;Tom 2 s. 95;
�;http://ebuw.uw.edu.pl/Content/286246/directory.djvu?djvuopts&page=100;Tom 2 s. 100;
Dubowicze;http://ebuw.uw.edu.pl/Content/286246/directory.djvu?djvuopts&page=199;Tom 2 s. 199;
Dubowiec;http://ebuw.uw.edu.pl/Content/286246/directory.djvu?djvuopts&page=200;Tom 2 s. 200;
Dziuńków;http://ebuw.uw.edu.pl/Content/286246/directory.djvu?djvuopts&page=299;Tom 2 s. 299;
�;http://ebuw.uw.edu.pl/Content/286246/directory.djvu?djvuopts&page=300;Tom 2 s. 300;
E;http://ebuw.uw.edu.pl/Content/286246/directory.djvu?djvuopts&page=313;Tom 2 s. 313;
E;http://ebuw.uw.edu.pl/Content/286246/directory.djvu?djvuopts&page=944;Tom 2 s. 944; ※ Poprawki
E;http://ebuw.uw.edu.pl/Content/286260/directory.djvu?djvuopts&page=468;Tom 15 cz. 1 s. 468; ※ Uzupełnienia
F;http://ebuw.uw.edu.pl/Content/286246/directory.djvu?djvuopts&page=366;Tom 2 s. 366;
F;http://ebuw.uw.edu.pl/Content/286246/directory.djvu?djvuopts&page=944;Tom 2 s. 944; ※ Poprawki
F;http://ebuw.uw.edu.pl/Content/286260/directory.djvu?djvuopts&page=473;Tom 15 cz. 1 s. 473; ※ Uzupełnienia
Forszterówka;http://ebuw.uw.edu.pl/Content/286246/directory.djvu?djvuopts&page=400;Tom 2 s. 400;
G;http://ebuw.uw.edu.pl/Content/286246/directory.djvu?djvuopts&page=430;Tom 2 s. 430;
G;http://ebuw.uw.edu.pl/Content/286246/directory.djvu?djvuopts&page=944;Tom 2 s. 944; ※ Poprawki
G;http://ebuw.uw.edu.pl/Content/286260/directory.djvu?djvuopts&page=481;Tom 15 cz. 1 s. 473; ※ Uzupełnienia
Gauden;http://ebuw.uw.edu.pl/Content/286246/directory.djvu?djvuopts&page=500;Tom 2 s. 500;
Gaudischkehmen;http://ebuw.uw.edu.pl/Content/286246/directory.djvu?djvuopts&page=500;Tom 2 s. 500;
Gaudyna;http://ebuw.uw.edu.pl/Content/286246/directory.djvu?djvuopts&page=500;Tom 2 s. 500;
Gaudziany;http://ebuw.uw.edu.pl/Content/286246/directory.djvu?djvuopts&page=500;Tom 2 s. 500;
Gaudziszki;http://ebuw.uw.edu.pl/Content/286246/directory.djvu?djvuopts&page=500;Tom 2 s. 500;
Gauers;http://ebuw.uw.edu.pl/Content/286246/directory.djvu?djvuopts&page=500;Tom 2 s. 500;
Gauja;http://ebuw.uw.edu.pl/Content/286246/directory.djvu?djvuopts&page=500;Tom 2 s. 500;
Gaujacowce;http://ebuw.uw.edu.pl/Content/286246/directory.djvu?djvuopts&page=500;Tom 2 s. 500;
Gaukale;http://ebuw.uw.edu.pl/Content/286246/directory.djvu?djvuopts&page=500;Tom 2 s. 500;
Gaulau;http://ebuw.uw.edu.pl/Content/286246/directory.djvu?djvuopts&page=500;Tom 2 s. 500;
Gauleden;http://ebuw.uw.edu.pl/Content/286246/directory.djvu?djvuopts&page=500;Tom 2 s. 500;
Gaumitz;http://ebuw.uw.edu.pl/Content/286246/directory.djvu?djvuopts&page=500;Tom 2 s. 500;
Gaura;http://ebuw.uw.edu.pl/Content/286246/directory.djvu?djvuopts&page=500;Tom 2 s. 500;
Gaurajcie;http://ebuw.uw.edu.pl/Content/286246/directory.djvu?djvuopts&page=500;Tom 2 s. 500;
Gaurat;http://ebuw.uw.edu.pl/Content/286246/directory.djvu?djvuopts&page=500;Tom 2 s. 500;
Gaureny;http://ebuw.uw.edu.pl/Content/286246/directory.djvu?djvuopts&page=500;Tom 2 s. 500;
Gausante;http://ebuw.uw.edu.pl/Content/286246/directory.djvu?djvuopts&page=500;Tom 2 s. 500;
Gausenty;http://ebuw.uw.edu.pl/Content/286246/directory.djvu?djvuopts&page=500;Tom 2 s. 500;
Gaussig;http://ebuw.uw.edu.pl/Content/286246/directory.djvu?djvuopts&page=500;Tom 2 s. 500;
Gausty;http://ebuw.uw.edu.pl/Content/286246/directory.djvu?djvuopts&page=500;Tom 2 s. 500;
Gausty;http://ebuw.uw.edu.pl/Content/286246/directory.djvu?djvuopts&page=500;Tom 2 s. 500;
Gauszen;http://ebuw.uw.edu.pl/Content/286246/directory.djvu?djvuopts&page=500;Tom 2 s. 500;
Gauten;http://ebuw.uw.edu.pl/Content/286246/directory.djvu?djvuopts&page=500;Tom 2 s. 500;
Gauza;http://ebuw.uw.edu.pl/Content/286246/directory.djvu?djvuopts&page=500;Tom 2 s. 500;
Gavers;http://ebuw.uw.edu.pl/Content/286246/directory.djvu?djvuopts&page=500;Tom 2 s. 500;
Gaw...;http://ebuw.uw.edu.pl/Content/286246/directory.djvu?djvuopts&page=500;Tom 2 s. 500;
Gawaiten;http://ebuw.uw.edu.pl/Content/286246/directory.djvu?djvuopts&page=500;Tom 2 s. 500;
Gawajciszki;http://ebuw.uw.edu.pl/Content/286246/directory.djvu?djvuopts&page=500;Tom 2 s. 500;
Głębokie;http://ebuw.uw.edu.pl/Content/286246/directory.djvu?djvuopts&page=599;Tom 2 s. 599;
cd;http://ebuw.uw.edu.pl/Content/286246/directory.djvu?djvuopts&page=600;Tom 2 s. 600;
Górce;http://ebuw.uw.edu.pl/Content/286246/directory.djvu?djvuopts&page=698;Tom 2 s. 698;
�;http://ebuw.uw.edu.pl/Content/286246/directory.djvu?djvuopts&page=700;Tom 2 s. 700;
Graża;http://ebuw.uw.edu.pl/Content/286246/directory.djvu?djvuopts&page=800;Tom 2 s. 800;
Grażajcie;http://ebuw.uw.edu.pl/Content/286246/directory.djvu?djvuopts&page=800;Tom 2 s. 800;
Grażanki;http://ebuw.uw.edu.pl/Content/286246/directory.djvu?djvuopts&page=800;Tom 2 s. 800;
Grażany;http://ebuw.uw.edu.pl/Content/286246/directory.djvu?djvuopts&page=800;Tom 2 s. 800;
Graże;http://ebuw.uw.edu.pl/Content/286246/directory.djvu?djvuopts&page=800;Tom 2 s. 800;
Grażeniki;http://ebuw.uw.edu.pl/Content/286246/directory.djvu?djvuopts&page=800;Tom 2 s. 800;
Grażeniszki;http://ebuw.uw.edu.pl/Content/286246/directory.djvu?djvuopts&page=800;Tom 2 s. 800;
Grażule;http://ebuw.uw.edu.pl/Content/286246/directory.djvu?djvuopts&page=800;Tom 2 s. 800;
Grażuny;http://ebuw.uw.edu.pl/Content/286246/directory.djvu?djvuopts&page=800;Tom 2 s. 800;
Grażyszki;http://ebuw.uw.edu.pl/Content/286246/directory.djvu?djvuopts&page=800;Tom 2 s. 800;
Grą...;http://ebuw.uw.edu.pl/Content/286246/directory.djvu?djvuopts&page=800;Tom 2 s. 800;
Grąb;http://ebuw.uw.edu.pl/Content/286246/directory.djvu?djvuopts&page=800;Tom 2 s. 800;
Grąbczewo;http://ebuw.uw.edu.pl/Content/286246/directory.djvu?djvuopts&page=800;Tom 2 s. 800;
Grąbczyn;http://ebuw.uw.edu.pl/Content/286246/directory.djvu?djvuopts&page=800;Tom 2 s. 800;
Grąbecka wólka;http://ebuw.uw.edu.pl/Content/286246/directory.djvu?djvuopts&page=800;Tom 2 s. 800;
Grąbiec;http://ebuw.uw.edu.pl/Content/286246/directory.djvu?djvuopts&page=800;Tom 2 s. 800;
Grąbki;http://ebuw.uw.edu.pl/Content/286246/directory.djvu?djvuopts&page=800;Tom 2 s. 800;
Grąbków;http://ebuw.uw.edu.pl/Content/286246/directory.djvu?djvuopts&page=800;Tom 2 s. 800;
Grąbkowo;http://ebuw.uw.edu.pl/Content/286246/directory.djvu?djvuopts&page=800;Tom 2 s. 800;
Grzymiszewice;http://ebuw.uw.edu.pl/Content/286246/directory.djvu?djvuopts&page=900;Tom 2 s. 900;
Grzymki;http://ebuw.uw.edu.pl/Content/286246/directory.djvu?djvuopts&page=900;Tom 2 s. 900;
Grzymkowa Wola;http://ebuw.uw.edu.pl/Content/286246/directory.djvu?djvuopts&page=900;Tom 2 s. 900;
Grzymkowiee;http://ebuw.uw.edu.pl/Content/286246/directory.djvu?djvuopts&page=900;Tom 2 s. 900;
Grzymysław;http://ebuw.uw.edu.pl/Content/286246/directory.djvu?djvuopts&page=900;Tom 2 s. 900;
Grzymysławice;http://ebuw.uw.edu.pl/Content/286246/directory.djvu?djvuopts&page=900;Tom 2 s. 900;
Grzywa;http://ebuw.uw.edu.pl/Content/286246/directory.djvu?djvuopts&page=900;Tom 2 s. 900;
Grzywa;http://ebuw.uw.edu.pl/Content/286246/directory.djvu?djvuopts&page=900;Tom 2 s. 900;
Grzywacz;http://ebuw.uw.edu.pl/Content/286246/directory.djvu?djvuopts&page=900;Tom 2 s. 900;
Grzywce;http://ebuw.uw.edu.pl/Content/286246/directory.djvu?djvuopts&page=900;Tom 2 s. 900;
Grzywda;http://ebuw.uw.edu.pl/Content/286246/directory.djvu?djvuopts&page=900;Tom 2 s. 900;
Grzywka;http://ebuw.uw.edu.pl/Content/286246/directory.djvu?djvuopts&page=900;Tom 2 s. 900;
Grzywka;http://ebuw.uw.edu.pl/Content/286246/directory.djvu?djvuopts&page=900;Tom 2 s. 900;
Grzywkowicze;http://ebuw.uw.edu.pl/Content/286246/directory.djvu?djvuopts&page=900;Tom 2 s. 900;
Grzywna;http://ebuw.uw.edu.pl/Content/286246/directory.djvu?djvuopts&page=900;Tom 2 s. 900;
Tom 2;http://ebuw.uw.edu.pl/Content/286246/directory.djvu?djvuopts&page=929;; ※ Spis powiatow;
Tom 2;http://ebuw.uw.edu.pl/Content/286246/directory.djvu?djvuopts&page=936;; ※ Lista osób wspomagajacych;
Tom 2;http://ebuw.uw.edu.pl/Content/286246/directory.djvu?djvuopts&page=943;; ※ Sprostowanie omyłek;
Tom 3;http://ebuw.uw.edu.pl/Content/286247/directory.djvu?djvuopts&page=3;;
Tom 3;http://ebuw.uw.edu.pl/Content/286247/directory.djvu?djvuopts&page=5;; ※ Hasła: Haa - Kęp;
H;http://ebuw.uw.edu.pl/Content/286247/directory.djvu?djvuopts&page=5;Tom 3 s. 5;
H;http://ebuw.uw.edu.pl/Content/286260/directory.djvu?djvuopts&page=548;Tom 15 cz. 1 s. 548; ※ Uzupełnienia
Holendry;http://ebuw.uw.edu.pl/Content/286247/directory.djvu?djvuopts&page=99;Tom 3 s. 99;
cd;http://ebuw.uw.edu.pl/Content/286247/directory.djvu?djvuopts&page=100;Tom 3 s. 100;
Hublo;http://ebuw.uw.edu.pl/Content/286247/directory.djvu?djvuopts&page=200;Tom 3 s. 200;
I;http://ebuw.uw.edu.pl/Content/286247/directory.djvu?djvuopts&page=242;Tom 3 s. 242;
I;http://ebuw.uw.edu.pl/Content/286260/directory.djvu?djvuopts&page=605;Tom 15 cz. 1 s. 605; ※ Uzupełnienia
Irdyń;http://ebuw.uw.edu.pl/Content/286247/directory.djvu?djvuopts&page=299;Tom 3 s. 299;
Irdynówka;http://ebuw.uw.edu.pl/Content/286247/directory.djvu?djvuopts&page=300;Tom 3 s. 300;
J;http://ebuw.uw.edu.pl/Content/286247/directory.djvu?djvuopts&page=339;Tom 3 s. 339;
J;http://ebuw.uw.edu.pl/Content/286260/directory.djvu?djvuopts&page=621;Tom 15 cz. 1 s. 621; ※ Uzupełnienia
Jania kościelna;http://ebuw.uw.edu.pl/Content/286247/directory.djvu?djvuopts&page=398;Tom 3 s.398;
Janiańce;http://ebuw.uw.edu.pl/Content/286247/directory.djvu?djvuopts&page=400;Tom 3 s.400;
Jastrzemb;http://ebuw.uw.edu.pl/Content/286247/directory.djvu?djvuopts&page=500;Tom 3 s. 500;
Johanów;http://ebuw.uw.edu.pl/Content/286247/directory.djvu?djvuopts&page=600;Tom 3 s. 600;
K;http://ebuw.uw.edu.pl/Content/286247/directory.djvu?djvuopts&page=646;Tom 3 s. 646;
K;http://ebuw.uw.edu.pl/Content/286261/directory.djvu?djvuopts&page=36;Tom 15 cz. 2 s. 36; ※ Uzupełnienia
Kalityńce;http://ebuw.uw.edu.pl/Content/286247/directory.djvu?djvuopts&page=700;Tom 3 s. 700;
Kampinos;http://ebuw.uw.edu.pl/Content/286247/directory.djvu?djvuopts&page=799;Tom 3 s. 799;
�;http://ebuw.uw.edu.pl/Content/286247/directory.djvu?djvuopts&page=800;Tom 3 s. 800;
Kaszczyńce;http://ebuw.uw.edu.pl/Content/286247/directory.djvu?djvuopts&page=900;Tom 3 s. 900;
Tom 4;http://ebuw.uw.edu.pl/Content/286249/directory.djvu?djvuopts&page=3;;
Tom 4;http://ebuw.uw.edu.pl/Content/286249/directory.djvu?djvuopts&page=5;; ※ Hasła: Kęs - Kut;
Kingitten;http://ebuw.uw.edu.pl/Content/286249/directory.djvu?djvuopts&page=100;Tom 4 s. 100;
Kinice;http://ebuw.uw.edu.pl/Content/286249/directory.djvu?djvuopts&page=100;Tom 4 s. 100;
Kinieszma;http://ebuw.uw.edu.pl/Content/286249/directory.djvu?djvuopts&page=100;Tom 4 s. 100;
Kiniki;http://ebuw.uw.edu.pl/Content/286249/directory.djvu?djvuopts&page=100;Tom 4 s. 100;
Kiniszki;http://ebuw.uw.edu.pl/Content/286249/directory.djvu?djvuopts&page=100;Tom 4 s. 100;
Kiniuny;http://ebuw.uw.edu.pl/Content/286249/directory.djvu?djvuopts&page=100;Tom 4 s. 100;
Kinkeim;http://ebuw.uw.edu.pl/Content/286249/directory.djvu?djvuopts&page=100;Tom 4 s. 100;
Kinkie;http://ebuw.uw.edu.pl/Content/286249/directory.djvu?djvuopts&page=100;Tom 4 s. 100;
Kinkiszki;http://ebuw.uw.edu.pl/Content/286249/directory.djvu?djvuopts&page=100;Tom 4 s. 100;
Kinkówka;http://ebuw.uw.edu.pl/Content/286249/directory.djvu?djvuopts&page=100;Tom 4 s. 100;
Kinnberg;http://ebuw.uw.edu.pl/Content/286249/directory.djvu?djvuopts&page=100;Tom 4 s. 100;
Kinno;http://ebuw.uw.edu.pl/Content/286249/directory.djvu?djvuopts&page=100;Tom 4 s. 100;
Kinort;http://ebuw.uw.edu.pl/Content/286249/directory.djvu?djvuopts&page=100;Tom 4 s. 100;
Kinsbórk;http://ebuw.uw.edu.pl/Content/286249/directory.djvu?djvuopts&page=100;Tom 4 s. 100;
Kiński potok;http://ebuw.uw.edu.pl/Content/286249/directory.djvu?djvuopts&page=100;Tom 4 s. 100;
Kinszele;http://ebuw.uw.edu.pl/Content/286249/directory.djvu?djvuopts&page=100;Tom 4 s. 100;
Kinten;http://ebuw.uw.edu.pl/Content/286249/directory.djvu?djvuopts&page=100;Tom 4 s. 100;
Kintenau;http://ebuw.uw.edu.pl/Content/286249/directory.djvu?djvuopts&page=100;Tom 4 s. 100;
Kintowce;http://ebuw.uw.edu.pl/Content/286249/directory.djvu?djvuopts&page=100;Tom 4 s. 100;
Kintrymy;http://ebuw.uw.edu.pl/Content/286249/directory.djvu?djvuopts&page=100;Tom 4 s. 100;
Kintyce;http://ebuw.uw.edu.pl/Content/286249/directory.djvu?djvuopts&page=100;Tom 4 s. 100;
Kintzelmühle;http://ebuw.uw.edu.pl/Content/286249/directory.djvu?djvuopts&page=100;Tom 4 s. 100;
Kinwangen;http://ebuw.uw.edu.pl/Content/286249/directory.djvu?djvuopts&page=100;Tom 4 s. 100;
Kiodły;http://ebuw.uw.edu.pl/Content/286249/directory.djvu?djvuopts&page=100;Tom 4 s. 100;
Kioffen;http://ebuw.uw.edu.pl/Content/286249/directory.djvu?djvuopts&page=100;Tom 4 s. 100;
Kionczyn;http://ebuw.uw.edu.pl/Content/286249/directory.djvu?djvuopts&page=100;Tom 4 s. 100;
Kioschen;http://ebuw.uw.edu.pl/Content/286249/directory.djvu?djvuopts&page=100;Tom 4 s. 100;
Kioszen;http://ebuw.uw.edu.pl/Content/286249/directory.djvu?djvuopts&page=100;Tom 4 s. 100;
Kipary;http://ebuw.uw.edu.pl/Content/286249/directory.djvu?djvuopts&page=100;Tom 4 s. 100;
Kipciele;http://ebuw.uw.edu.pl/Content/286249/directory.djvu?djvuopts&page=100;Tom 4 s. 100;
Kipiaczka;http://ebuw.uw.edu.pl/Content/286249/directory.djvu?djvuopts&page=100;Tom 4 s. 100;
Kipišczka;http://ebuw.uw.edu.pl/Content/286249/directory.djvu?djvuopts&page=100;Tom 4 s. 100;
Kipichy;http://ebuw.uw.edu.pl/Content/286249/directory.djvu?djvuopts&page=100;Tom 4 s. 100;
Knyszyn;http://ebuw.uw.edu.pl/Content/286249/directory.djvu?djvuopts&page=199;Tom 4 s. 199;
cd;http://ebuw.uw.edu.pl/Content/286249/directory.djvu?djvuopts&page=200;Tom 4 s. 200;
Knyszyńskie;http://ebuw.uw.edu.pl/Content/286249/directory.djvu?djvuopts&page=200;Tom 4 s. 200;
Ko...;http://ebuw.uw.edu.pl/Content/286249/directory.djvu?djvuopts&page=200;Tom 4 s. 200;
Kó...;http://ebuw.uw.edu.pl/Content/286249/directory.djvu?djvuopts&page=200;Tom 4 s. 200;
Koadyuty;http://ebuw.uw.edu.pl/Content/286249/directory.djvu?djvuopts&page=200;Tom 4 s. 200;
Kobaki;http://ebuw.uw.edu.pl/Content/286249/directory.djvu?djvuopts&page=200;Tom 4 s. 200;
Kobal;http://ebuw.uw.edu.pl/Content/286249/directory.djvu?djvuopts&page=200;Tom 4 s. 200;
Kobany;http://ebuw.uw.edu.pl/Content/286249/directory.djvu?djvuopts&page=200;Tom 4 s. 200;
Kobbelberg;http://ebuw.uw.edu.pl/Content/286249/directory.djvu?djvuopts&page=200;Tom 4 s. 200;
Kobbelbude;http://ebuw.uw.edu.pl/Content/286249/directory.djvu?djvuopts&page=200;Tom 4 s. 200;
Kobbelgrube;http://ebuw.uw.edu.pl/Content/286249/directory.djvu?djvuopts&page=200;Tom 4 s. 200;
Komarniki;http://ebuw.uw.edu.pl/Content/286249/directory.djvu?djvuopts&page=299;Tom 4 s. 299;
�;http://ebuw.uw.edu.pl/Content/286249/directory.djvu?djvuopts&page=300;Tom 4 s. 300;
Kordownia;http://ebuw.uw.edu.pl/Content/286249/directory.djvu?djvuopts&page=400;Tom 4 s. 400;
Kordowo;http://ebuw.uw.edu.pl/Content/286249/directory.djvu?djvuopts&page=400;Tom 4 s. 400;
Korduby;http://ebuw.uw.edu.pl/Content/286249/directory.djvu?djvuopts&page=400;Tom 4 s. 400;
Kordula;http://ebuw.uw.edu.pl/Content/286249/directory.djvu?djvuopts&page=400;Tom 4 s. 400;
Kordulewo;http://ebuw.uw.edu.pl/Content/286249/directory.djvu?djvuopts&page=400;Tom 4 s. 400;
Kurdylówka;http://ebuw.uw.edu.pl/Content/286249/directory.djvu?djvuopts&page=400;Tom 4 s. 400;
Kordyczewo;http://ebuw.uw.edu.pl/Content/286249/directory.djvu?djvuopts&page=400;Tom 4 s. 400;
Kordyszów;http://ebuw.uw.edu.pl/Content/286249/directory.djvu?djvuopts&page=400;Tom 4 s. 400;
Kordyszówka;http://ebuw.uw.edu.pl/Content/286249/directory.djvu?djvuopts&page=400;Tom 4 s. 400;
Kordyszówka;http://ebuw.uw.edu.pl/Content/286249/directory.djvu?djvuopts&page=400;Tom 4 s. 400;
Korebcowo;http://ebuw.uw.edu.pl/Content/286249/directory.djvu?djvuopts&page=400;Tom 4 s. 400;
Korec;http://ebuw.uw.edu.pl/Content/286249/directory.djvu?djvuopts&page=400;Tom 4 s. 400;
Koreczno;http://ebuw.uw.edu.pl/Content/286249/directory.djvu?djvuopts&page=400;Tom 4 s. 400;
Korehlen;http://ebuw.uw.edu.pl/Content/286249/directory.djvu?djvuopts&page=400;Tom 4 s. 400;
Korejki;http://ebuw.uw.edu.pl/Content/286249/directory.djvu?djvuopts&page=400;Tom 4 s. 400;
Korejowce;http://ebuw.uw.edu.pl/Content/286249/directory.djvu?djvuopts&page=400;Tom 4 s. 400;
Korejwiańce;http://ebuw.uw.edu.pl/Content/286249/directory.djvu?djvuopts&page=400;Tom 4 s. 400;
Korejwiany;http://ebuw.uw.edu.pl/Content/286249/directory.djvu?djvuopts&page=400;Tom 4 s. 400;
Korejwica;http://ebuw.uw.edu.pl/Content/286249/directory.djvu?djvuopts&page=400;Tom 4 s. 400;
Korejwicze;http://ebuw.uw.edu.pl/Content/286249/directory.djvu?djvuopts&page=400;Tom 4 s. 400;
Korejwiszki;http://ebuw.uw.edu.pl/Content/286249/directory.djvu?djvuopts&page=400;Tom 4 s. 400;
Korejwo;http://ebuw.uw.edu.pl/Content/286249/directory.djvu?djvuopts&page=400;Tom 4 s. 400;
Korejwy;http://ebuw.uw.edu.pl/Content/286249/directory.djvu?djvuopts&page=400;Tom 4 s. 400;
Korek;http://ebuw.uw.edu.pl/Content/286249/directory.djvu?djvuopts&page=400;Tom 4 s. 400;
Korelicze;http://ebuw.uw.edu.pl/Content/286249/directory.djvu?djvuopts&page=400;Tom 4 s. 400;
Kotulin;http://ebuw.uw.edu.pl/Content/286249/directory.djvu?djvuopts&page=500;Tom 4 s. 500;
Kraków;http://ebuw.uw.edu.pl/Content/286249/directory.djvu?djvuopts&page=587;Tom 4 s. 587;
�;http://ebuw.uw.edu.pl/Content/286249/directory.djvu?djvuopts&page=600;Tom 4 s. 600;
Kropiwnik;http://ebuw.uw.edu.pl/Content/286249/directory.djvu?djvuopts&page=698;Tom 4 s. 698;
Kropiwniki;http://ebuw.uw.edu.pl/Content/286249/directory.djvu?djvuopts&page=700;Tom 4 s. 700;
cd;http://ebuw.uw.edu.pl/Content/286249/directory.djvu?djvuopts&page=700;Tom 4 s. 700;
Krzywaczyńce;http://ebuw.uw.edu.pl/Content/286249/directory.djvu?djvuopts&page=800;Tom 4 s. 800;
Kurlandya;http://ebuw.uw.edu.pl/Content/286249/directory.djvu?djvuopts&page=895;Tom 4 s. 895;
�;http://ebuw.uw.edu.pl/Content/286249/directory.djvu?djvuopts&page=900;Tom 4 s. 900;
Tom 5;http://ebuw.uw.edu.pl/Content/286250/directory.djvu?djvuopts&page=3;;
Tom 5;http://ebuw.uw.edu.pl/Content/286250/directory.djvu?djvuopts&page=5;; ※ Hasła: Kuto - Mal;
L;http://ebuw.uw.edu.pl/Content/286250/directory.djvu?djvuopts&page=49;Tom 5 s. 49;
L;http://ebuw.uw.edu.pl/Content/286261/directory.djvu?djvuopts&page=207;Tom 15 cz. 2 s. 207; ※ Uzupełnienia
Latyczów;http://ebuw.uw.edu.pl/Content/286250/directory.djvu?djvuopts&page=100;Tom 5 s. 100;
Latyczów;http://ebuw.uw.edu.pl/Content/286250/directory.djvu?djvuopts&page=99;Tom 5 s. 99;
�;http://ebuw.uw.edu.pl/Content/286250/directory.djvu?djvuopts&page=100;Tom 5 s. 100;
Lężenice;http://ebuw.uw.edu.pl/Content/286250/directory.djvu?djvuopts&page=200;Tom 5 s. 200;
Lisewo;http://ebuw.uw.edu.pl/Content/286250/directory.djvu?djvuopts&page=299;Tom 5 s. 299;
cd;http://ebuw.uw.edu.pl/Content/286250/directory.djvu?djvuopts&page=300;Tom 5 s. 300;
Lubiaź;http://ebuw.uw.edu.pl/Content/286250/directory.djvu?djvuopts&page=400;Tom 5 s. 400;
Lwów;http://ebuw.uw.edu.pl/Content/286250/directory.djvu?djvuopts&page=496;Tom 5 s. 496;
�;http://ebuw.uw.edu.pl/Content/286250/directory.djvu?djvuopts&page=500;Tom 5 s. 500;
Ł;http://ebuw.uw.edu.pl/Content/286250/directory.djvu?djvuopts&page=557;Tom 5 s. 557;
Ł;http://ebuw.uw.edu.pl/Content/286261/directory.djvu?djvuopts&page=252;Tom 15 cz. 2 s. 252; ※ Uzupełnienia
Łasińskie jezioro;http://ebuw.uw.edu.pl/Content/286250/directory.djvu?djvuopts&page=599;Tom 5 s. 599;
Łasiocha;http://ebuw.uw.edu.pl/Content/286250/directory.djvu?djvuopts&page=600;Tom 5 s. 600;
Łask;http://ebuw.uw.edu.pl/Content/286250/directory.djvu?djvuopts&page=600;Tom 5 s. 600;
Łask;http://ebuw.uw.edu.pl/Content/286250/directory.djvu?djvuopts&page=600;Tom 5 s. 600;
Łomża;http://ebuw.uw.edu.pl/Content/286250/directory.djvu?djvuopts&page=699;Tom 5 s. 699;
�;http://ebuw.uw.edu.pl/Content/286250/directory.djvu?djvuopts&page=700;Tom 5 s. 700;
Łuczyn;http://ebuw.uw.edu.pl/Content/286250/directory.djvu?djvuopts&page=798;Tom 5 s. 798;
�;http://ebuw.uw.edu.pl/Content/286250/directory.djvu?djvuopts&page=800;Tom 5 s. 800;
M;http://ebuw.uw.edu.pl/Content/286250/directory.djvu?djvuopts&page=872;Tom 5 s. 872;
M;http://ebuw.uw.edu.pl/Content/286261/directory.djvu?djvuopts&page=288;Tom 15 cz. 2 s. 288; ※ Uzupełnienia
Magóra;http://ebuw.uw.edu.pl/Content/286250/directory.djvu?djvuopts&page=898;Tom 5 s. 898;
�;http://ebuw.uw.edu.pl/Content/286250/directory.djvu?djvuopts&page=900;Tom 5 s. 900;
Tom 6;http://ebuw.uw.edu.pl/Content/286251/directory.djvu?djvuopts&page=3;;
Tom 6;http://ebuw.uw.edu.pl/Content/286251/directory.djvu?djvuopts&page=5;; ※ Hasła: Malc - Netr;;
Mańkowce;http://ebuw.uw.edu.pl/Content/286251/directory.djvu?djvuopts&page=99;Tom 6 s. 99;
cd;http://ebuw.uw.edu.pl/Content/286251/directory.djvu?djvuopts&page=100;Tom 6 s. 100;
Mańkóweczka;http://ebuw.uw.edu.pl/Content/286251/directory.djvu?djvuopts&page=100;Tom 6 s. 100;
Mazowsze;http://ebuw.uw.edu.pl/Content/286251/directory.djvu?djvuopts&page=188;Tom 6 s. 188;
�;http://ebuw.uw.edu.pl/Content/286251/directory.djvu?djvuopts&page=200;Tom 6 s. 200;
Michałów;http://ebuw.uw.edu.pl/Content/286251/directory.djvu?djvuopts&page=299;Tom 6 s. 299;
�;http://ebuw.uw.edu.pl/Content/286251/directory.djvu?djvuopts&page=300;Tom 6 s. 300;
Mikołajewsk;http://ebuw.uw.edu.pl/Content/286251/directory.djvu?djvuopts&page=399;Tom 6 s. 399;
cd;http://ebuw.uw.edu.pl/Content/286251/directory.djvu?djvuopts&page=400;Tom 6 s. 400;
Mirszczyna;http://ebuw.uw.edu.pl/Content/286251/directory.djvu?djvuopts&page=500;Tom 6 s. 500;
Mohylew;http://ebuw.uw.edu.pl/Content/286251/directory.djvu?djvuopts&page=594;Tom 6 s. 594;
�;http://ebuw.uw.edu.pl/Content/286251/directory.djvu?djvuopts&page=600;Tom 6 s. 600;
Mościska;http://ebuw.uw.edu.pl/Content/286251/directory.djvu?djvuopts&page=692;Tom 6 s. 692;
�;http://ebuw.uw.edu.pl/Content/286251/directory.djvu?djvuopts&page=700;Tom 6 s. 700;
Mukarów;http://ebuw.uw.edu.pl/Content/286251/directory.djvu?djvuopts&page=799;Tom 6 s. 799;
�;http://ebuw.uw.edu.pl/Content/286251/directory.djvu?djvuopts&page=800;Tom 6 s. 800;
N;http://ebuw.uw.edu.pl/Content/286251/directory.djvu?djvuopts&page=849;Tom 6 s. 849;
N;http://ebuw.uw.edu.pl/Content/286261/directory.djvu?djvuopts&page=366;Tom 15 cz. 2 s. 366; ※ Uzupełnienia
Napoleon;http://ebuw.uw.edu.pl/Content/286251/directory.djvu?djvuopts&page=900;Tom 6 s. 900;
Tom 7;http://ebuw.uw.edu.pl/Content/286252/directory.djvu?djvuopts&page=3;
Tom 7;http://ebuw.uw.edu.pl/Content/286252/directory.djvu?djvuopts&page=5;; ※ Hasła: Netr - Per
Niemstów;http://ebuw.uw.edu.pl/Content/286252/directory.djvu?djvuopts&page=99;Tom 7 s. 99
Niemszyn;http://ebuw.uw.edu.pl/Content/286252/directory.djvu?djvuopts&page=100;Tom 7 s. 100
Nowa Wieś;http://ebuw.uw.edu.pl/Content/286252/directory.djvu?djvuopts&page=197;Tom 7 s. 197
�;http://ebuw.uw.edu.pl/Content/286252/directory.djvu?djvuopts&page=200;Tom 7 s. 200
Nowydwór;http://ebuw.uw.edu.pl/Content/286252/directory.djvu?djvuopts&page=296;Tom 7 s. 296
�;http://ebuw.uw.edu.pl/Content/286252/directory.djvu?djvuopts&page=300;Tom 7 s. 300
O;http://ebuw.uw.edu.pl/Content/286252/directory.djvu?djvuopts&page=316;Tom 7 s. 316
O;http://ebuw.uw.edu.pl/Content/286261/directory.djvu?djvuopts&page=396;Tom 15 cz. 2 s. 396; ※ Uzupełnienia
Oesel;http://ebuw.uw.edu.pl/Content/286252/directory.djvu?djvuopts&page=396;Tom 7 s. 396
�;http://ebuw.uw.edu.pl/Content/286252/directory.djvu?djvuopts&page=400;Tom 7 s. 400
Olszanicki potok;http://ebuw.uw.edu.pl/Content/286252/directory.djvu?djvuopts&page=500;Tom 7 s. 500
Orsza;http://ebuw.uw.edu.pl/Content/286252/directory.djvu?djvuopts&page=598;Tom 7 s. 598
�;http://ebuw.uw.edu.pl/Content/286252/directory.djvu?djvuopts&page=600;Tom 7 s. 600
Ostrów;http://ebuw.uw.edu.pl/Content/286252/directory.djvu?djvuopts&page=696;Tom 7 s. 696
�;http://ebuw.uw.edu.pl/Content/286252/directory.djvu?djvuopts&page=700;Tom 7 s. 700
Oliwa;http://ebuw.uw.edu.pl/Content/286252/directory.djvu?djvuopts&page=798;Tom 7 s. 798
�;http://ebuw.uw.edu.pl/Content/286252/directory.djvu?djvuopts&page=800;Tom 7 s. 800
P;http://ebuw.uw.edu.pl/Content/286252/directory.djvu?djvuopts&page=804;Tom 7 s. 804
P;http://ebuw.uw.edu.pl/Content/286261/directory.djvu?djvuopts&page=428;Tom 15 cz. 2 s. 428; ※ Uzupełnienia
Pauliny;http://ebuw.uw.edu.pl/Content/286252/directory.djvu?djvuopts&page=900;Tom 7 s. 900
Tom 8;http://ebuw.uw.edu.pl/Content/286253/directory.djvu?djvuopts&page=3;
Tom 8;http://ebuw.uw.edu.pl/Content/286253/directory.djvu?djvuopts&page=5;; ※ Hasła: Pere - Poż
Pierszajka;http://ebuw.uw.edu.pl/Content/286253/directory.djvu?djvuopts&page=100;Tom 8 s. 100
Pierszaki;http://ebuw.uw.edu.pl/Content/286253/directory.djvu?djvuopts&page=100;Tom 8 s. 100
Pierszakieniki;http://ebuw.uw.edu.pl/Content/286253/directory.djvu?djvuopts&page=100;Tom 8 s. 100
Pierszczewo;http://ebuw.uw.edu.pl/Content/286253/directory.djvu?djvuopts&page=100;Tom 8 s. 100
Pierszna;http://ebuw.uw.edu.pl/Content/286253/directory.djvu?djvuopts&page=100;Tom 8 s. 100
Piotrków;http://ebuw.uw.edu.pl/Content/286253/directory.djvu?djvuopts&page=186;Tom 8 s. 186
�;http://ebuw.uw.edu.pl/Content/286253/directory.djvu?djvuopts&page=200;Tom 8 s. 200
Płock;http://ebuw.uw.edu.pl/Content/286253/directory.djvu?djvuopts&page=285;Tom 8 s. 285
�;http://ebuw.uw.edu.pl/Content/286253/directory.djvu?djvuopts&page=300;Tom 8 s. 300
Podhorodzie;http://ebuw.uw.edu.pl/Content/286253/directory.djvu?djvuopts&page=400;Tom 8 s. 400
Podhorówka;http://ebuw.uw.edu.pl/Content/286253/directory.djvu?djvuopts&page=400;Tom 8 s. 400
Podhorylce;http://ebuw.uw.edu.pl/Content/286253/directory.djvu?djvuopts&page=400;Tom 8 s. 400
Podhrad;http://ebuw.uw.edu.pl/Content/286253/directory.djvu?djvuopts&page=400;Tom 8 s. 400
Podhuk;http://ebuw.uw.edu.pl/Content/286253/directory.djvu?djvuopts&page=400;Tom 8 s. 400
Podkuskowo;http://ebuw.uw.edu.pl/Content/286253/directory.djvu?djvuopts&page=400;Tom 8 s. 400
Podhuszczka;http://ebuw.uw.edu.pl/Content/286253/directory.djvu?djvuopts&page=400;Tom 8 s. 400
Podhybie;http://ebuw.uw.edu.pl/Content/286253/directory.djvu?djvuopts&page=400;Tom 8 s. 400
Podiebradt;http://ebuw.uw.edu.pl/Content/286253/directory.djvu?djvuopts&page=400;Tom 8 s. 400
Podihruszje;http://ebuw.uw.edu.pl/Content/286253/directory.djvu?djvuopts&page=400;Tom 8 s. 400
Pod Ilmą;http://ebuw.uw.edu.pl/Content/286253/directory.djvu?djvuopts&page=400;Tom 8 s. 400
Podina;http://ebuw.uw.edu.pl/Content/286253/directory.djvu?djvuopts&page=400;Tom 8 s. 400
Poditan;http://ebuw.uw.edu.pl/Content/286253/directory.djvu?djvuopts&page=400;Tom 8 s. 400
Pod Iwaszowem;http://ebuw.uw.edu.pl/Content/286253/directory.djvu?djvuopts&page=400;Tom 8 s. 400
Podizadebno;http://ebuw.uw.edu.pl/Content/286253/directory.djvu?djvuopts&page=400;Tom 8 s. 400
Podjabłonie;http://ebuw.uw.edu.pl/Content/286253/directory.djvu?djvuopts&page=400;Tom 8 s.400
Pod Jacią;http://ebuw.uw.edu.pl/Content/286253/directory.djvu?djvuopts&page=400;Tom 8 s. 400
Pod-Jackowszczyzna;http://ebuw.uw.edu.pl/Content/286253/directory.djvu?djvuopts&page=400;Tom 8 s. 400
Podjakubowicze;http://ebuw.uw.edu.pl/Content/286253/directory.djvu?djvuopts&page=400;Tom 8 s. 400
Podjamna;http://ebuw.uw.edu.pl/Content/286253/directory.djvu?djvuopts&page=400;Tom 8 s. 400
Podjanczule;http://ebuw.uw.edu.pl/Content/286253/directory.djvu?djvuopts&page=400;Tom 8 s. 400
Pod Jandą;http://ebuw.uw.edu.pl/Content/286253/directory.djvu?djvuopts&page=400;Tom 8 s. 400
Podjanowie;http://ebuw.uw.edu.pl/Content/286253/directory.djvu?djvuopts&page=400;Tom 8 s. 400
Podjarków;http://ebuw.uw.edu.pl/Content/286253/directory.djvu?djvuopts&page=400;Tom 8 s. 400
Podjasień;http://ebuw.uw.edu.pl/Content/286253/directory.djvu?djvuopts&page=400;Tom 8 s. 400
Pogódki;http://ebuw.uw.edu.pl/Content/286253/directory.djvu?djvuopts&page=499;Tom 8 s. 499
�;http://ebuw.uw.edu.pl/Content/286253/directory.djvu?djvuopts&page=500;Tom 8 s. 500
Polnische Hufe;http://ebuw.uw.edu.pl/Content/286253/directory.djvu?djvuopts&page=600;Tom 8 s. 600
Polska;http://ebuw.uw.edu.pl/Content/286253/directory.djvu?djvuopts&page=601;Tom 8 s. 601
�;http://ebuw.uw.edu.pl/Content/286253/directory.djvu?djvuopts&page=700;Tom 8 s. 700
Popowice;http://ebuw.uw.edu.pl/Content/286253/directory.djvu?djvuopts&page=799;Tom 8 s. 799
cd;http://ebuw.uw.edu.pl/Content/286253/directory.djvu?djvuopts&page=800;Tom 8 s. 800
Pozezdrze;http://ebuw.uw.edu.pl/Content/286253/directory.djvu?djvuopts&page=900;Tom 8 s. 900
Tom 9;http://ebuw.uw.edu.pl/Content/286254/directory.djvu?djvuopts&page=3;
Tom 9;http://ebuw.uw.edu.pl/Content/286254/directory.djvu?djvuopts&page=5;;※ Hasła: Poża - Ruk
Prusy Zachodnie;http://ebuw.uw.edu.pl/Content/286254/directory.djvu?djvuopts&page=94;Tom 9 s. 94
�;http://ebuw.uw.edu.pl/Content/286254/directory.djvu?djvuopts&page=100;Tom 9 s. 100
Przybrodowice;http://ebuw.uw.edu.pl/Content/286254/directory.djvu?djvuopts&page=200;Tom 9 s. 200
Pułyski Bród;http://ebuw.uw.edu.pl/Content/286254/directory.djvu?djvuopts&page=300;Tom 9 s. 300
Q;http://ebuw.uw.edu.pl/Content/286254/directory.djvu?djvuopts&page=335;Tom 9 s. 335
R;http://ebuw.uw.edu.pl/Content/286254/directory.djvu?djvuopts&page=338;Tom 9 s. 338
R;http://ebuw.uw.edu.pl/Content/286261/directory.djvu?djvuopts&page=531;Tom 15 cz. 2 s. 531; ※ Uzupełnienia
Radom;http://ebuw.uw.edu.pl/Content/286254/directory.djvu?djvuopts&page=392;Tom 9 s. 392
�;http://ebuw.uw.edu.pl/Content/286254/directory.djvu?djvuopts&page=400;Tom 9 s. 400
Rajsko;http://ebuw.uw.edu.pl/Content/286254/directory.djvu?djvuopts&page=499;Tom 9 s. 499
cd;http://ebuw.uw.edu.pl/Content/286254/directory.djvu?djvuopts&page=500;Tom 9 s. 500
Rajsko z Budami;http://ebuw.uw.edu.pl/Content/286254/directory.djvu?djvuopts&page=500;Tom 9 s. 500
Rejowiec;http://ebuw.uw.edu.pl/Content/286254/directory.djvu?djvuopts&page=600;Tom 9 s. 600
Rojewo;http://ebuw.uw.edu.pl/Content/286254/directory.djvu?djvuopts&page=699;Tom 9 s. 699
cd;http://ebuw.uw.edu.pl/Content/286254/directory.djvu?djvuopts&page=700;Tom 9 s. 700
Rojęczyn;http://ebuw.uw.edu.pl/Content/286254/directory.djvu?djvuopts&page=700;Tom 9 s. 700
Rojków;http://ebuw.uw.edu.pl/Content/286254/directory.djvu?djvuopts&page=700;Tom 9 s. 700
Rojów;http://ebuw.uw.edu.pl/Content/286254/directory.djvu?djvuopts&page=700;Tom 9 s. 700
Rojówka;http://ebuw.uw.edu.pl/Content/286254/directory.djvu?djvuopts&page=700;Tom 9 s. 700
Rojowski Młyn;http://ebuw.uw.edu.pl/Content/286254/directory.djvu?djvuopts&page=700;Tom 9 s. 700
Rojowskie Pustkowia;http://ebuw.uw.edu.pl/Content/286254/directory.djvu?djvuopts&page=700;Tom 9 s. 700
Rojowszczyzna;http://ebuw.uw.edu.pl/Content/286254/directory.djvu?djvuopts&page=700;Tom 9 s. 700
Rojść;http://ebuw.uw.edu.pl/Content/286254/directory.djvu?djvuopts&page=700;Tom 9 s. 700
Rojst;http://ebuw.uw.edu.pl/Content/286254/directory.djvu?djvuopts&page=700;Tom 9 s. 700
Rojst Wielki;http://ebuw.uw.edu.pl/Content/286254/directory.djvu?djvuopts&page=700;Tom 9 s. 700
Rostoka;http://ebuw.uw.edu.pl/Content/286254/directory.djvu?djvuopts&page=799;Tom 9 s. 799
cd;http://ebuw.uw.edu.pl/Content/286254/directory.djvu?djvuopts&page=800;Tom 9 s. 800
Rudabrueck;http://ebuw.uw.edu.pl/Content/286254/directory.djvu?djvuopts&page=900;Tom 9 s. 900
Tom 10;http://ebuw.uw.edu.pl/Content/286255/directory.djvu?djvuopts&page=3;
Tom 10;http://ebuw.uw.edu.pl/Content/286255/directory.djvu?djvuopts&page=5;; ※ Hasła: Ruks - Soc
Rymutowce;http://ebuw.uw.edu.pl/Content/286255/directory.djvu?djvuopts&page=100;Tom 10 s. 100
S;http://ebuw.uw.edu.pl/Content/286255/directory.djvu?djvuopts&page=189;Tom 10 s. 189
S;http://ebuw.uw.edu.pl/Content/286261/directory.djvu?djvuopts&page=569;Tom 15 cz. 2 s. 569; ※ Uzupełnienia
Sadliska;http://ebuw.uw.edu.pl/Content/286255/directory.djvu?djvuopts&page=200;Tom 10 s. 200
Sanoka;http://ebuw.uw.edu.pl/Content/286255/directory.djvu?djvuopts&page=300;Tom 10 s. 300
Szwarzsee;http://ebuw.uw.edu.pl/Content/286255/directory.djvu?djvuopts&page=400;Tom 10 s. 400
Siedlce;http://ebuw.uw.edu.pl/Content/286255/directory.djvu?djvuopts&page=497;Tom 10 s. 497
�;http://ebuw.uw.edu.pl/Content/286255/directory.djvu?djvuopts&page=500;Tom 10 s. 500
Sierzyno;http://ebuw.uw.edu.pl/Content/286255/directory.djvu?djvuopts&page=600;Tom 10 s. 600
Skoreniszki;http://ebuw.uw.edu.pl/Content/286255/directory.djvu?djvuopts&page=700;Tom 10 s. 700
Słoboda;http://ebuw.uw.edu.pl/Content/286255/directory.djvu?djvuopts&page=795;Tom 10 s. 795
�;http://ebuw.uw.edu.pl/Content/286255/directory.djvu?djvuopts&page=800;Tom 10 s. 800
Smoleńsk;http://ebuw.uw.edu.pl/Content/286255/directory.djvu?djvuopts&page=897;Tom 10 s. 897
�;http://ebuw.uw.edu.pl/Content/286255/directory.djvu?djvuopts&page=900;Tom 10 s. 900
Tom 11;http://ebuw.uw.edu.pl/Content/286256/directory.djvu?djvuopts&page=3;
Tom 11;http://ebuw.uw.edu.pl/Content/286256/directory.djvu?djvuopts&page=5;; ※ Hasła: Soch - Szlu
Sowinka;http://ebuw.uw.edu.pl/Content/286256/directory.djvu?djvuopts&page=99;Tom 11 s. 99
cd;http://ebuw.uw.edu.pl/Content/286256/directory.djvu?djvuopts&page=100;Tom 11 s. 100
Stanisławów;http://ebuw.uw.edu.pl/Content/286256/directory.djvu?djvuopts&page=191;Tom 11 s. 191
�;http://ebuw.uw.edu.pl/Content/286256/directory.djvu?djvuopts&page=200;Tom 11 s. 200
Stawiszowo;http://ebuw.uw.edu.pl/Content/286256/directory.djvu?djvuopts&page=299;Tom 11 s. 299
Stawiszyce;http://ebuw.uw.edu.pl/Content/286256/directory.djvu?djvuopts&page=300;Tom 11 s. 300
Stremiszcze;http://ebuw.uw.edu.pl/Content/286256/directory.djvu?djvuopts&page=399;Tom 11 s. 399
Stremoczyzna;http://ebuw.uw.edu.pl/Content/286256/directory.djvu?djvuopts&page=400;Tom 11 s. 400
Studzienica;http://ebuw.uw.edu.pl/Content/286256/directory.djvu?djvuopts&page=499;Tom 11 s. 499
�;http://ebuw.uw.edu.pl/Content/286256/directory.djvu?djvuopts&page=500;Tom 11 s. 500
Studzienice;http://ebuw.uw.edu.pl/Content/286256/directory.djvu?djvuopts&page=500;Tom 11 s. 500
Surwiły;http://ebuw.uw.edu.pl/Content/286256/directory.djvu?djvuopts&page=599;Tom 11 s. 599
�;http://ebuw.uw.edu.pl/Content/286256/directory.djvu?djvuopts&page=600;Tom 11 s. 600
Suryki;http://ebuw.uw.edu.pl/Content/286256/directory.djvu?djvuopts&page=600;Tom 11 s. 600
Surynka;http://ebuw.uw.edu.pl/Content/286256/directory.djvu?djvuopts&page=600;Tom 11 s. 600
Surynowska ziemia;http://ebuw.uw.edu.pl/Content/286256/directory.djvu?djvuopts&page=600;Tom 11 s. 600
Surynty;http://ebuw.uw.edu.pl/Content/286256/directory.djvu?djvuopts&page=600;Tom 11 s. 600
Suryszki;http://ebuw.uw.edu.pl/Content/286256/directory.djvu?djvuopts&page=600;Tom 11 s. 600
Surża;http://ebuw.uw.edu.pl/Content/286256/directory.djvu?djvuopts&page=600;Tom 11 s. 600
Surzno;http://ebuw.uw.edu.pl/Content/286256/directory.djvu?djvuopts&page=600;Tom 11 s. 600
Surżówka;http://ebuw.uw.edu.pl/Content/286256/directory.djvu?djvuopts&page=600;Tom 11 s. 600
Surzyce;http://ebuw.uw.edu.pl/Content/286256/directory.djvu?djvuopts&page=600;Tom 11 s. 600
Surzyńce;http://ebuw.uw.edu.pl/Content/286256/directory.djvu?djvuopts&page=600;Tom 11 s. 600
Surzynów;http://ebuw.uw.edu.pl/Content/286256/directory.djvu?djvuopts&page=600;Tom 11 s. 600
Susaki;http://ebuw.uw.edu.pl/Content/286256/directory.djvu?djvuopts&page=600;Tom 11 s. 600
Susakowa Góra;http://ebuw.uw.edu.pl/Content/286256/directory.djvu?djvuopts&page=600;Tom 11 s. 600
Susannenthal;http://ebuw.uw.edu.pl/Content/286256/directory.djvu?djvuopts&page=600;Tom 11 s. 600
Suschenhof;http://ebuw.uw.edu.pl/Content/286256/directory.djvu?djvuopts&page=600;Tom 11 s. 600
Susej;http://ebuw.uw.edu.pl/Content/286256/directory.djvu?djvuopts&page=600;Tom 11 s. 600
Susen;http://ebuw.uw.edu.pl/Content/286256/directory.djvu?djvuopts&page=600;Tom 11 s. 600
Suserz;http://ebuw.uw.edu.pl/Content/286256/directory.djvu?djvuopts&page=600;Tom 11 s. 600
Susewald;http://ebuw.uw.edu.pl/Content/286256/directory.djvu?djvuopts&page=600;Tom 11 s. 600
�;http://ebuw.uw.edu.pl/Content/286256/directory.djvu?djvuopts&page=601;Tom 11 s. 601
Święty Krzyż;http://ebuw.uw.edu.pl/Content/286256/directory.djvu?djvuopts&page=699;Tom 11 s. 699
Święty Łazarz;http://ebuw.uw.edu.pl/Content/286256/directory.djvu?djvuopts&page=700;Tom 11 s. 700
Święty Marcin;http://ebuw.uw.edu.pl/Content/286256/directory.djvu?djvuopts&page=700;Tom 11 s. 700
Święty Onufry;http://ebuw.uw.edu.pl/Content/286256/directory.djvu?djvuopts&page=700;Tom 11 s. 700
Święty Roch;http://ebuw.uw.edu.pl/Content/286256/directory.djvu?djvuopts&page=700;Tom 11 s. 700
Święty Stanisław;http://ebuw.uw.edu.pl/Content/286256/directory.djvu?djvuopts&page=700;Tom 11 s. 700
Święty Wojciech;http://ebuw.uw.edu.pl/Content/286256/directory.djvu?djvuopts&page=700;Tom 11 s. 700
Świętyszki;http://ebuw.uw.edu.pl/Content/286256/directory.djvu?djvuopts&page=700;Tom 11 s. 700
Świętyszki Wielkie;http://ebuw.uw.edu.pl/Content/286256/directory.djvu?djvuopts&page=700;Tom 11 s. 700
Świężyce;http://ebuw.uw.edu.pl/Content/286256/directory.djvu?djvuopts&page=700;Tom 11 s. 700
Świgajno;http://ebuw.uw.edu.pl/Content/286256/directory.djvu?djvuopts&page=700;Tom 11 s. 700
Świgonie;http://ebuw.uw.edu.pl/Content/286256/directory.djvu?djvuopts&page=700;Tom 11 s. 700
Świha;http://ebuw.uw.edu.pl/Content/286256/directory.djvu?djvuopts&page=700;Tom 11 s. 700
Świlany;http://ebuw.uw.edu.pl/Content/286256/directory.djvu?djvuopts&page=700;Tom 11 s. 700
Świlcza;http://ebuw.uw.edu.pl/Content/286256/directory.djvu?djvuopts&page=700;Tom 11 s. 700
�;http://ebuw.uw.edu.pl/Content/286256/directory.djvu?djvuopts&page=701;Tom 11 s. 701
Szarłata;http://ebuw.uw.edu.pl/Content/286256/directory.djvu?djvuopts&page=799;Tom 11 s. 799
�;http://ebuw.uw.edu.pl/Content/286256/directory.djvu?djvuopts&page=800;Tom 11 s. 800
Szarłotowo;http://ebuw.uw.edu.pl/Content/286256/directory.djvu?djvuopts&page=800;Tom 11 s. 800
Szarłaty;http://ebuw.uw.edu.pl/Content/286256/directory.djvu?djvuopts&page=800;Tom 11 s. 800
Szarławki;http://ebuw.uw.edu.pl/Content/286256/directory.djvu?djvuopts&page=800;Tom 11 s. 800
Szarmuki;http://ebuw.uw.edu.pl/Content/286256/directory.djvu?djvuopts&page=800;Tom 11 s. 800
Szarnapole;http://ebuw.uw.edu.pl/Content/286256/directory.djvu?djvuopts&page=800;Tom 11 s. 800
Szarnele;http://ebuw.uw.edu.pl/Content/286256/directory.djvu?djvuopts&page=800;Tom 11 s. 800
Szarniew;http://ebuw.uw.edu.pl/Content/286256/directory.djvu?djvuopts&page=800;Tom 11 s. 800
Szarno;http://ebuw.uw.edu.pl/Content/286256/directory.djvu?djvuopts&page=800;Tom 11 s. 800
Szarnopol;http://ebuw.uw.edu.pl/Content/286256/directory.djvu?djvuopts&page=800;Tom 11 s. 800
Szarnotele;http://ebuw.uw.edu.pl/Content/286256/directory.djvu?djvuopts&page=800;Tom 11 s. 800
Szarnupie;http://ebuw.uw.edu.pl/Content/286256/directory.djvu?djvuopts&page=800;Tom 11 s. 800
Szarny;http://ebuw.uw.edu.pl/Content/286256/directory.djvu?djvuopts&page=800;Tom 11 s. 800
Szarnypol;http://ebuw.uw.edu.pl/Content/286256/directory.djvu?djvuopts&page=800;Tom 11 s. 800
Szarobury;http://ebuw.uw.edu.pl/Content/286256/directory.djvu?djvuopts&page=800;Tom 11 s. 800
Szarogród;http://ebuw.uw.edu.pl/Content/286256/directory.djvu?djvuopts&page=800;Tom 11 s. 800
�;http://ebuw.uw.edu.pl/Content/286256/directory.djvu?djvuopts&page=801;Tom 11 s. 801
�;http://ebuw.uw.edu.pl/Content/286256/directory.djvu?djvuopts&page=802;Tom 11 s. 802
�;http://ebuw.uw.edu.pl/Content/286256/directory.djvu?djvuopts&page=803;Tom 11 s. 803
Szepielicze;http://ebuw.uw.edu.pl/Content/286256/directory.djvu?djvuopts&page=899;Tom 11 s. 899
�;http://ebuw.uw.edu.pl/Content/286256/directory.djvu?djvuopts&page=901;Tom 11 s. 900
Szepielówka;http://ebuw.uw.edu.pl/Content/286256/directory.djvu?djvuopts&page=900;Tom 11 s. 900
Szepieniszki;http://ebuw.uw.edu.pl/Content/286256/directory.djvu?djvuopts&page=900;Tom 11 s. 900
Szepietówka;http://ebuw.uw.edu.pl/Content/286256/directory.djvu?djvuopts&page=900;Tom 11 s. 900
Szepietowo;http://ebuw.uw.edu.pl/Content/286256/directory.djvu?djvuopts&page=900;Tom 11 s. 900
Szepietyszki;http://ebuw.uw.edu.pl/Content/286256/directory.djvu?djvuopts&page=900;Tom 11 s. 900
Szepijówka;http://ebuw.uw.edu.pl/Content/286256/directory.djvu?djvuopts&page=900;Tom 11 s. 900
Szepilskie;http://ebuw.uw.edu.pl/Content/286256/directory.djvu?djvuopts&page=900;Tom 11 s. 900
Szepiłowicze;http://ebuw.uw.edu.pl/Content/286256/directory.djvu?djvuopts&page=900;Tom 11 s. 900
Szepiłówka;http://ebuw.uw.edu.pl/Content/286256/directory.djvu?djvuopts&page=900;Tom 11 s. 900
Szepinki;http://ebuw.uw.edu.pl/Content/286256/directory.djvu?djvuopts&page=900;Tom 11 s. 900
Szepkau;http://ebuw.uw.edu.pl/Content/286256/directory.djvu?djvuopts&page=900;Tom 11 s. 900
Szeplerzyzna;http://ebuw.uw.edu.pl/Content/286256/directory.djvu?djvuopts&page=900;Tom 11 s. 900
Szeplugi;http://ebuw.uw.edu.pl/Content/286256/directory.djvu?djvuopts&page=900;Tom 11 s. 900
Szepotowicze;http://ebuw.uw.edu.pl/Content/286256/directory.djvu?djvuopts&page=900;Tom 11 s. 900
Szeppoten;http://ebuw.uw.edu.pl/Content/286256/directory.djvu?djvuopts&page=900;Tom 11 s. 900
Szeptaki;http://ebuw.uw.edu.pl/Content/286256/directory.djvu?djvuopts&page=900;Tom 11 s. 900
Szeptunowszczyzna;http://ebuw.uw.edu.pl/Content/286256/directory.djvu?djvuopts&page=900;Tom 11 s. 900
�;http://ebuw.uw.edu.pl/Content/286256/directory.djvu?djvuopts&page=902;Tom 11 s. 901
Tom 12;http://ebuw.uw.edu.pl/Content/286257/directory.djvu?djvuopts&page=3;
Tom 12;http://ebuw.uw.edu.pl/Content/286257/directory.djvu?djvuopts&page=5;; ※ Hasła: Szlur - Wart
Szydłowicze;http://ebuw.uw.edu.pl/Content/286257/directory.djvu?djvuopts&page=100;Tom 12 s. 100
T;http://ebuw.uw.edu.pl/Content/286257/directory.djvu?djvuopts&page=134;Tom 12 s. 134
T;http://ebuw.uw.edu.pl/Content/286261/directory.djvu?djvuopts&page=649;Tom 15 cz. 2 s. 649; ※ Uzupełnienia
Tarnów;http://ebuw.uw.edu.pl/Content/286257/directory.djvu?djvuopts&page=196;Tom 12 s. 196
�;http://ebuw.uw.edu.pl/Content/286257/directory.djvu?djvuopts&page=200;Tom 12 s. 200
Teplik;http://ebuw.uw.edu.pl/Content/286257/directory.djvu?djvuopts&page=300;Tom 12 s. 300
Toporów;http://ebuw.uw.edu.pl/Content/286257/directory.djvu?djvuopts&page=399;Tom 12 s. 399
Toporowce;http://ebuw.uw.edu.pl/Content/286257/directory.djvu?djvuopts&page=400;Tom 12 s. 400
Tropawa;http://ebuw.uw.edu.pl/Content/286257/directory.djvu?djvuopts&page=494;Tom 12 s. 494
�;http://ebuw.uw.edu.pl/Content/286257/directory.djvu?djvuopts&page=500;Tom 12 s. 500
Tuchów;http://ebuw.uw.edu.pl/Content/286257/directory.djvu?djvuopts&page=599;Tom 12 s. 599
Tuchowicz;http://ebuw.uw.edu.pl/Content/286257/directory.djvu?djvuopts&page=600;Tom 12 s. 600
Tylicz;http://ebuw.uw.edu.pl/Content/286257/directory.djvu?djvuopts&page=700;Tom 12 s. 700
U;http://ebuw.uw.edu.pl/Content/286257/directory.djvu?djvuopts&page=732;Tom 12 s. 732
U;http://ebuw.uw.edu.pl/Content/286261/directory.djvu?djvuopts&page=671;Tom 15 cz. 2 s. 671; ※ Uzupełnienia
Unga;http://ebuw.uw.edu.pl/Content/286257/directory.djvu?djvuopts&page=800;Tom 12 s. 800
W;http://ebuw.uw.edu.pl/Content/286257/directory.djvu?djvuopts&page=876;Tom 12 s. 876
W;http://ebuw.uw.edu.pl/Content/286261/directory.djvu?djvuopts&page=677;Tom 15 cz. 2 s. 677; ※ Uzupełnienia
Waksmund;http://ebuw.uw.edu.pl/Content/286257/directory.djvu?djvuopts&page=900;Tom 12 s. 900
Tom 13;http://ebuw.uw.edu.pl/Content/286258/directory.djvu?djvuopts&page=3;
Tom 13;http://ebuw.uw.edu.pl/Content/286258/directory.djvu?djvuopts&page=5;; ※ Hasła: Warm - Woro
Warszawa;http://ebuw.uw.edu.pl/Content/286258/directory.djvu?djvuopts&page=99;Tom 13 s. 99
Warszawice;http://ebuw.uw.edu.pl/Content/286258/directory.djvu?djvuopts&page=100;Tom 13 s. 100
Welpesie;http://ebuw.uw.edu.pl/Content/286258/directory.djvu?djvuopts&page=199;Tom 13 s. 199
Welsaz;http://ebuw.uw.edu.pl/Content/286258/directory.djvu?djvuopts&page=199;Tom 13 s. 199
Welse;http://ebuw.uw.edu.pl/Content/286258/directory.djvu?djvuopts&page=199;Tom 13 s. 199
Welsen;http://ebuw.uw.edu.pl/Content/286258/directory.djvu?djvuopts&page=199;Tom 13 s. 199
Welsk;http://ebuw.uw.edu.pl/Content/286258/directory.djvu?djvuopts&page=199;Tom 13 s. 199
Welsnów;http://ebuw.uw.edu.pl/Content/286258/directory.djvu?djvuopts&page=199;Tom 13 s. 199
Velsow;http://ebuw.uw.edu.pl/Content/286258/directory.djvu?djvuopts&page=199;Tom 13 s. 199
Welsza;http://ebuw.uw.edu.pl/Content/286258/directory.djvu?djvuopts&page=199;Tom 13 s. 199
Weluta;http://ebuw.uw.edu.pl/Content/286258/directory.djvu?djvuopts&page=199;Tom 13 s. 199
Welwecie;http://ebuw.uw.edu.pl/Content/286258/directory.djvu?djvuopts&page=199;Tom 13 s. 199
Welza;http://ebuw.uw.edu.pl/Content/286258/directory.djvu?djvuopts&page=199;Tom 13 s. 199
Welże;http://ebuw.uw.edu.pl/Content/286258/directory.djvu?djvuopts&page=199;Tom 13 s. 199
Wełajcie;http://ebuw.uw.edu.pl/Content/286258/directory.djvu?djvuopts&page=199;Tom 13 s. 199
Wełcz;http://ebuw.uw.edu.pl/Content/286258/directory.djvu?djvuopts&page=199;Tom 13 s. 199
Wełcza;http://ebuw.uw.edu.pl/Content/286258/directory.djvu?djvuopts&page=200;Tom 13 s. 200
Wiecze;http://ebuw.uw.edu.pl/Content/286258/directory.djvu?djvuopts&page=299;Tom 13 s. 299
Wieczeczyrów;http://ebuw.uw.edu.pl/Content/286258/directory.djvu?djvuopts&page=299;Tom 13 s. 299
Wieczera;http://ebuw.uw.edu.pl/Content/286258/directory.djvu?djvuopts&page=299;Tom 13 s. 299
Wieczerjanka;http://ebuw.uw.edu.pl/Content/286258/directory.djvu?djvuopts&page=299;Tom 13 s. 299
Wieczerynka;http://ebuw.uw.edu.pl/Content/286258/directory.djvu?djvuopts&page=299;Tom 13 s. 299
Wieczerzanka;http://ebuw.uw.edu.pl/Content/286258/directory.djvu?djvuopts&page=299;Tom 13 s. 299
Wieczerze;http://ebuw.uw.edu.pl/Content/286258/directory.djvu?djvuopts&page=299;Tom 13 s. 299
Wieczerzewicze;http://ebuw.uw.edu.pl/Content/286258/directory.djvu?djvuopts&page=299;Tom 13 s. 299
Wieczesław;http://ebuw.uw.edu.pl/Content/286258/directory.djvu?djvuopts&page=299;Tom 13 s. 299
Wieczfnia;http://ebuw.uw.edu.pl/Content/286258/directory.djvu?djvuopts&page=299;Tom 13 s. 299
Wieczki;http://ebuw.uw.edu.pl/Content/286258/directory.djvu?djvuopts&page=299;Tom 13 s. 299
Wieczkojnie;http://ebuw.uw.edu.pl/Content/286258/directory.djvu?djvuopts&page=299;Tom 13 s. 299
Wieczno;http://ebuw.uw.edu.pl/Content/286258/directory.djvu?djvuopts&page=300;Tom 13 s. 300
Wierzbno;http://ebuw.uw.edu.pl/Content/286258/directory.djvu?djvuopts&page=399;Tom 13 s. 399
cd;http://ebuw.uw.edu.pl/Content/286258/directory.djvu?djvuopts&page=400;Tom 13 s. 400
Wilno;http://ebuw.uw.edu.pl/Content/286258/directory.djvu?djvuopts&page=499;Tom 13 s. 499
Wilno;http://ebuw.uw.edu.pl/Content/286258/directory.djvu?djvuopts&page=492;Tom 13 s. 492
�;http://ebuw.uw.edu.pl/Content/286258/directory.djvu?djvuopts&page=500;Tom 13 s. 500
Wisła;http://ebuw.uw.edu.pl/Content/286258/directory.djvu?djvuopts&page=577;Tom 13 s. 577
�;http://ebuw.uw.edu.pl/Content/286258/directory.djvu?djvuopts&page=600;Tom 13 s. 600
Włocławek;http://ebuw.uw.edu.pl/Content/286258/directory.djvu?djvuopts&page=697;Tom 13 s. 697
�;http://ebuw.uw.edu.pl/Content/286258/directory.djvu?djvuopts&page=700;Tom 13 s. 700
Wola;http://ebuw.uw.edu.pl/Content/286258/directory.djvu?djvuopts&page=775;Tom 13 s. 775
Wola;http://ebuw.uw.edu.pl/Content/286258/directory.djvu?djvuopts&page=775;Tom 13 s. 774
Wola;http://ebuw.uw.edu.pl/Content/286258/directory.djvu?djvuopts&page=774;Tom 13 s. 774
�;http://ebuw.uw.edu.pl/Content/286258/directory.djvu?djvuopts&page=800;Tom 13 s. 800
Wołoszczyzna;http://ebuw.uw.edu.pl/Content/286258/directory.djvu?djvuopts&page=897;Tom 13 s. 897
�;http://ebuw.uw.edu.pl/Content/286258/directory.djvu?djvuopts&page=900;Tom 13 s. 900
Tom 14;http://ebuw.uw.edu.pl/Content/286259/directory.djvu?djvuopts&page=3;
Tom 14;http://ebuw.uw.edu.pl/Content/286259/directory.djvu?djvuopts&page=5;; ※ Hasła: Woro - Żyż
Wymysłowo;http://ebuw.uw.edu.pl/Content/286259/directory.djvu?djvuopts&page=99;Tom 14 s. 99
cd;http://ebuw.uw.edu.pl/Content/286259/directory.djvu?djvuopts&page=100;Tom 14 s. 100
Z;http://ebuw.uw.edu.pl/Content/286259/directory.djvu?djvuopts&page=176;Tom 14 s. 176
Uzupełnienia;http://ebuw.uw.edu.pl/Content/286261/directory.djvu?djvuopts&page=707;
Zaborowie;http://ebuw.uw.edu.pl/Content/286259/directory.djvu?djvuopts&page=199;Tom 14 s. 199
cd;http://ebuw.uw.edu.pl/Content/286259/directory.djvu?djvuopts&page=200;Tom 14 s. 200
Zakopane;http://ebuw.uw.edu.pl/Content/286259/directory.djvu?djvuopts&page=300;Tom 14 s. 300
Zapole;http://ebuw.uw.edu.pl/Content/286259/directory.djvu?djvuopts&page=399;Tom 14 s. 399
�;http://ebuw.uw.edu.pl/Content/286259/directory.djvu?djvuopts&page=400;Tom 14 s. 400
Zawojatyn;http://ebuw.uw.edu.pl/Content/286259/directory.djvu?djvuopts&page=500;Tom 14 s. 500
Zielona Huta;http://ebuw.uw.edu.pl/Content/286259/directory.djvu?djvuopts&page=600;Tom 14 s. 600
Zwolaki;http://ebuw.uw.edu.pl/Content/286259/directory.djvu?djvuopts&page=700;Tom 14 s. 700
Ż;http://ebuw.uw.edu.pl/Content/286259/directory.djvu?djvuopts&page=709;Tom 14 s. 709
Uzupełnienia;http://ebuw.uw.edu.pl/Content/286261/directory.djvu?djvuopts&page=723;
Żmudź;http://ebuw.uw.edu.pl/Content/286259/directory.djvu?djvuopts&page=795;Tom 14 s. 795
�;http://ebuw.uw.edu.pl/Content/286259/directory.djvu?djvuopts&page=800;Tom 14 s. 800
Żytkowo;http://ebuw.uw.edu.pl/Content/286259/directory.djvu?djvuopts&page=900;Tom 14 s. 900
Tom 14;http://ebuw.uw.edu.pl/Content/286259/directory.djvu?djvuopts&page=931;; ※ Od Redakcji
Tom 15 część 1;http://ebuw.uw.edu.pl/Content/286260/directory.djvu?djvuopts&page=3;
Tom 15 część 1;http://ebuw.uw.edu.pl/Content/286260/directory.djvu?djvuopts&page=5;; ※ Dopełnienia A - Jan
A;http://ebuw.uw.edu.pl/Content/286260/directory.djvu?djvuopts&page=5;Tom 15 część 1 s. 5
B;http://ebuw.uw.edu.pl/Content/286260/directory.djvu?djvuopts&page=57;Tom 15 część 1 s. 57
Bełdowo;http://ebuw.uw.edu.pl/Content/286260/directory.djvu?djvuopts&page=100;Tom 15 część 1 s. 100
Borciaki;http://ebuw.uw.edu.pl/Content/286260/directory.djvu?djvuopts&page=200;Tom 15 część 1 s. 200
C;http://ebuw.uw.edu.pl/Content/286260/directory.djvu?djvuopts&page=291;Tom 15 część 1 s. 291
Charkowo;http://ebuw.uw.edu.pl/Content/286260/directory.djvu?djvuopts&page=300;Tom 15 część 1 s. 300
D;http://ebuw.uw.edu.pl/Content/286260/directory.djvu?djvuopts&page=384;Tom 15 część 1 s. 384
Demczyn;http://ebuw.uw.edu.pl/Content/286260/directory.djvu?djvuopts&page=400;Tom 15 część 1 s. 400
E;http://ebuw.uw.edu.pl/Content/286260/directory.djvu?djvuopts&page=468;Tom 15 część 1 s. 468
F;http://ebuw.uw.edu.pl/Content/286260/directory.djvu?djvuopts&page=473;Tom 15 część 1 s. 473
G;http://ebuw.uw.edu.pl/Content/286260/directory.djvu?djvuopts&page=481;Tom 15 część 1 s. 481
Ginajcze;http://ebuw.uw.edu.pl/Content/286260/directory.djvu?djvuopts&page=500;Tom 15 część 1 s. 500
H;http://ebuw.uw.edu.pl/Content/286260/directory.djvu?djvuopts&page=548;Tom 15 część 1 s. 548
Hultaje;http://ebuw.uw.edu.pl/Content/286260/directory.djvu?djvuopts&page=600;Tom 15 część 1 s. 600
I;http://ebuw.uw.edu.pl/Content/286260/directory.djvu?djvuopts&page=605;Tom 15 część 1 s. 605
J;http://ebuw.uw.edu.pl/Content/286260/directory.djvu?djvuopts&page=621;Tom 15 część 1 s. 621
Tom 15 część 2;http://ebuw.uw.edu.pl/Content/286261/directory.djvu?djvuopts&page=3
Tom 15 część 2;http://ebuw.uw.edu.pl/Content/286261/directory.djvu?djvuopts&page=5;; ※ Dopełnienia Jan - Wola
K;http://ebuw.uw.edu.pl/Content/286261/directory.djvu?djvuopts&page=36;Tom 15 część 2 s. 36
Kohilno;http://ebuw.uw.edu.pl/Content/286261/directory.djvu?djvuopts&page=100;Tom 15 część 2 s. 100
Kuropaty;http://ebuw.uw.edu.pl/Content/286261/directory.djvu?djvuopts&page=200;Tom 15 część 2 s. 200
L;http://ebuw.uw.edu.pl/Content/286261/directory.djvu?djvuopts&page=207;Tom 15 część 2 s. 207
Ł;http://ebuw.uw.edu.pl/Content/286261/directory.djvu?djvuopts&page=252;Tom 15 część 2 s. 252
M;http://ebuw.uw.edu.pl/Content/286261/directory.djvu?djvuopts&page=288;Tom 15 część 2 s. 288
Manichy;http://ebuw.uw.edu.pl/Content/286261/directory.djvu?djvuopts&page=300;Tom 15 część 2 s. 300
N;http://ebuw.uw.edu.pl/Content/286261/directory.djvu?djvuopts&page=366;Tom 15 część 2 s. 366
O;http://ebuw.uw.edu.pl/Content/286261/directory.djvu?djvuopts&page=396;Tom 15 część 2 s. 396
Oćkowe;http://ebuw.uw.edu.pl/Content/286261/directory.djvu?djvuopts&page=400;Tom 15 część 2 s. 400
P;http://ebuw.uw.edu.pl/Content/286261/directory.djvu?djvuopts&page=428;Tom 15 część 2 s. 428
Posurmielis;http://ebuw.uw.edu.pl/Content/286261/directory.djvu?djvuopts&page=500;Tom 15 część 2 s. 500
R;http://ebuw.uw.edu.pl/Content/286261/directory.djvu?djvuopts&page=531;Tom 15 część 2 s. 531
S;http://ebuw.uw.edu.pl/Content/286261/directory.djvu?djvuopts&page=569;Tom 15 część 2 s. 569
Smorodzin;http://ebuw.uw.edu.pl/Content/286261/directory.djvu?djvuopts&page=600;Tom 15 część 2 s. 600
T;http://ebuw.uw.edu.pl/Content/286261/directory.djvu?djvuopts&page=649;Tom 15 część 2 s. 649
U;http://ebuw.uw.edu.pl/Content/286261/directory.djvu?djvuopts&page=671;Tom 15 część 2 s. 671
W;http://ebuw.uw.edu.pl/Content/286261/directory.djvu?djvuopts&page=677;Tom 15 część 2 s. 677
Wołczak;http://ebuw.uw.edu.pl/Content/286261/directory.djvu?djvuopts&page=700;Tom 15 część 2 s. 700
Z;http://ebuw.uw.edu.pl/Content/286261/directory.djvu?djvuopts&page=707;Tom 15 część 2 s. 707
Ż;http://ebuw.uw.edu.pl/Content/286261/directory.djvu?djvuopts&page=723;Tom 15 część 2 s. 723
Tom 15;http://ebuw.uw.edu.pl/Content/286261/directory.djvu?djvuopts&page=743;; ※ Od Redakcji
